{
  "$schema": "https://docs.renovatebot.com/renovate-schema.json",
  "extends": [
    ":dependencyDashboard",
    ":ignoreModulesAndTests",
    "group:monorepos",
    "group:recommended",
    "replacements:all",
    "workarounds:all",
    "npm:unpublishSafe",
    ":automergeAll",
    ":automergeBranch"
  ],
  "schedule": [
    "after 13:00 on monday"
  ],
  "prHourlyLimit": 0,
  "packageRules": [
    {
      "matchDepTypes": ["devDependencies"],
      "prPriority": -1
    },
    {
      "description": "Don't bump engines",
      "matchDepTypes": [ "engines" ],
      "enabled": false
    }
  ],
  "rangeStrategy": "bump",
  "lockFileMaintenance": {
    "enabled": true,
    "schedule": [
      "after 13:00 on monday"
    ]
  },
  "timezone": "Europe/Brussels",
  "labels": ["dependencies"]
}
